Stock In Date,Model,IMEI,Grade,Storage,SIM Type,Colour,Supplier,BP,Stock Type,Notes,Age (days),Return Date
2026-08-28,GALAXY S21 Fe,350799512674626,A,128GB,Physical SIM + eSIM,Grey,MHL,110,OFFICE,,1,
2026-08-28,Galaxy A32,351554747576792,A,64GB,Dual Physical SIM,Black,RR STOCK,60,OFFICE,,1,
2026-08-28,GALAXY S21 Fe,351675490168253,A,128GB,Physical SIM + eSIM,Purple,MHL,110,OFFICE,,1,
2026-08-28,GALAXY S21 Fe,351675490255431,A,128GB,Physical SIM + eSIM,Purple,MHL,110,OFFICE,,1,
2026-08-28,GALAXY S21 Fe,351675490424243,A,128GB,Physical SIM + eSIM,Purple,MHL,110,OFFICE,,1,
2026-08-28,GALAXY S21 Fe,351675495247789,A,128GB,Physical SIM + eSIM,Purple,MHL,110,OFFICE,,1,
2026-08-28,GALAXY S21 Fe,351844420627305,A,128GB,Physical SIM + eSIM,Grey,MHL,110,OFFICE,,1,
2026-08-28,GALAXY S21 Fe,351844420988160,A,128GB,Physical SIM + eSIM,Grey,MHL,110,OFFICE,,1,
2026-08-28,GALAXY S21 Fe,351844421021771,A,128GB,Physical SIM + eSIM,Grey,MHL,110,OFFICE,,1,
2026-08-28,GALAXY S21 Fe,351844421450244,A,128GB,Physical SIM + eSIM,Grey,MHL,110,OFFICE,,1,
2026-08-28,GALAXY S21 Fe,351844421836160,A,128GB,Physical SIM + eSIM,Grey,MHL,110,OFFICE,,1,
2026-08-28,GALAXY S21 Fe,351844421870946,A,128GB,Physical SIM + eSIM,Grey,MHL,110,OFFICE,,1,
2026-08-28,GALAXY S21 Fe,351844421913852,A,128GB,Physical SIM + eSIM,Grey,MHL,110,OFFICE,,1,
2026-08-28,GALAXY S21 Fe,351844423103387,A,128GB,Physical SIM + eSIM,Purple,MHL,110,OFFICE,,1,
2026-08-28,GALAXY S21 Fe,351844423287370,A,128GB,Physical SIM + eSIM,Purple,MHL,110,OFFICE,,1,
2026-08-28,GALAXY S21 Fe,351844423566401,A,128GB,Physical SIM + eSIM,Purple,MHL,110,OFFICE,,1,
2026-08-28,GALAXY S21 Fe,351844425319437,A,128GB,Physical SIM + eSIM,Grey,MHL,110,OFFICE,,1,
2026-08-28,GALAXY S21 Fe,351844425491590,A,128GB,Physical SIM + eSIM,Grey,MHL,110,OFFICE,,1,
2026-08-28,GALAXY S21 Fe,351844425854318,A,128GB,Physical SIM + eSIM,Grey,MHL,110,OFFICE,,1,
2026-08-28,GALAXY S21 Fe,351844426148710,A,128GB,Physical SIM + eSIM,Grey,MHL,110,OFFICE,,1,
2026-08-28,GALAXY S21 Fe,351844426456626,A,128GB,Physical SIM + eSIM,Grey,MHL,110,OFFICE,,1,
2026-08-28,GALAXY S21 Fe,351844426557167,A,128GB,Physical SIM + eSIM,Grey,MHL,110,OFFICE,,1,
2026-08-28,GALAXY S21 Fe,351844427173105,A,128GB,Physical SIM + eSIM,Grey,MHL,110,OFFICE,,1,
2026-08-28,GALAXY S21 Fe,353717345036695,A,128GB,Physical SIM + eSIM,Grey,MHL,110,OFFICE,,1,
2026-08-28,Galaxy A14,354519741128608,A,64GB,Physical SIM,Black,MHL,65,OFFICE,,1,
2026-08-28,Galaxy A14,354519746149674,A,64GB,Physical SIM,Black,MHL,65,OFFICE,,1,
2026-08-28,Galaxy S20 Plus,355464112202964,A,128GB,Physical SIM + eSIM,Black,MHL,120,OFFICE,,1,
2026-08-28,GALAXY S23,355552513094855,A,256GB,Physical SIM + eSIM,Black,ABC,208,OFFICE,,1,
2026-08-28,GALAXY S23,355552516082998,A,256GB,Physical SIM + eSIM,CREAM,ABC,208,OFFICE,,1,
2026-08-28,GALAXY S21 Fe,359043371819670,A,128GB,Physical SIM + eSIM,Purple,MHL,110,OFFICE,,1,
2026-08-28,IPAD 11TG GEN,SCMCQJ7GH1W,ONU,128GB,Not Applicable,Silver,ABC,300,OFFICE,,1,
2026-08-28,IPAD 11TG GEN,SDLWTLD9RY3,ONU,128GB,Not Applicable,Silver,ABC,300,OFFICE,,1,
2026-08-26,GALAXY S21,350166286073387,A,256GB,Physical SIM + eSIM,White,MHL,140,OFFICE,,3,
2026-08-26,Galaxy Tab A11 Plus,350237472557275,A,128GB,Physical SIM,Grey,NIHAL,145,OFFICE,,3,
2026-08-26,Galaxy Tab A11 Plus,350237472568934,A,128GB,Physical SIM,Grey,NIHAL,145,OFFICE,,3,
2026-08-26,Galaxy Tab A11 Plus,350237472585086,A,128GB,Physical SIM,Grey,NIHAL,145,OFFICE,,3,
2026-08-26,Galaxy Tab A11 Plus,350237472601586,A,128GB,Physical SIM,Grey,NIHAL,145,OFFICE,,3,
2026-08-26,Galaxy Tab A11 Plus,350237472615453,A,128GB,Physical SIM,Grey,NIHAL,145,OFFICE,,3,
2026-08-26,Galaxy Tab A11 Plus,350237472649866,A,128GB,Physical SIM,Grey,NIHAL,145,OFFICE,,3,
2026-08-26,Galaxy Tab A11 Plus,350237472661325,A,128GB,Physical SIM,Grey,NIHAL,145,OFFICE,,3,
2026-08-26,Galaxy Tab A11 Plus,350237472670763,A,128GB,Physical SIM,Grey,NIHAL,145,OFFICE,,3,
2026-08-26,Galaxy Tab A11 Plus,350237472670953,A,128GB,Physical SIM,Grey,NIHAL,145,OFFICE,,3,
2026-08-26,Galaxy Tab A11 Plus,350237472672678,A,128GB,Physical SIM,Grey,NIHAL,145,OFFICE,,3,
2026-08-26,Galaxy Tab A11 Plus,350237472672819,A,128GB,Physical SIM,Grey,NIHAL,145,OFFICE,,3,
2026-08-26,Galaxy Tab A11 Plus,350237472674120,A,128GB,Physical SIM,Grey,NIHAL,145,OFFICE,,3,
2026-08-26,Galaxy Tab A11 Plus,350237472689128,A,128GB,Physical SIM,Grey,NIHAL,145,OFFICE,,3,
2026-08-26,Galaxy Tab A11 Plus,350237472701022,A,128GB,Physical SIM,Grey,NIHAL,145,OFFICE,,3,
2026-08-26,Galaxy Tab A11 Plus,350237472704356,A,128GB,Physical SIM,Grey,NIHAL,145,OFFICE,,3,
2026-08-26,Galaxy Tab A11 Plus,350237472723042,A,128GB,Physical SIM,Grey,NIHAL,145,OFFICE,,3,
2026-08-26,Galaxy Tab A11 Plus,350237472746498,A,128GB,Physical SIM,Grey,NIHAL,145,OFFICE,,3,
2026-08-26,Galaxy Tab A11 Plus,350237472746761,A,128GB,Physical SIM,Grey,NIHAL,145,OFFICE,,3,
2026-08-26,Galaxy Tab A11 Plus,350237472747587,A,128GB,Physical SIM,Grey,NIHAL,145,OFFICE,,3,
2026-08-26,Galaxy Tab A11 Plus,350237472765449,A,128GB,Physical SIM,Grey,NIHAL,145,OFFICE,,3,
2026-08-26,Galaxy Tab A11 Plus,350237472766124,A,128GB,Physical SIM,Grey,NIHAL,145,OFFICE,,3,
2026-08-26,GALAXY S21,350359740049941,A,256GB,Physical SIM + eSIM,White,MHL,140,OFFICE,,3,
2026-08-26,GALAXY S21,350359740054008,A,256GB,Physical SIM + eSIM,White,MHL,140,OFFICE,,3,
2026-08-26,GALAXY S21,350359740065418,A,256GB,Physical SIM + eSIM,White,MHL,140,OFFICE,,3,
2026-08-26,Galaxy A16 4G,350455586676159,A,128GB,Physical SIM + eSIM,Grey,MHL,85,OFFICE,,3,
2026-08-26,GALAXY S23,350932556429694,A,256GB,Physical SIM + eSIM,Black,ABC,208,OFFICE,,3,
2026-08-26,Galaxy A17,351158942164428,ONU,128GB,Physical SIM + eSIM,Black,ABC,230,OFFICE,,3,
2026-08-26,Galaxy A16 4G,351272330527110,A,128GB,Physical SIM + eSIM,Grey,MHL,85,OFFICE,,3,
2026-08-26,Galaxy A16 4G,351477971419770,A,128GB,Physical SIM + eSIM,Grey,MHL,85,OFFICE,,3,
2026-08-26,Galaxy A16,352226310618462,A,128GB,Physical SIM + eSIM,Black,MHL,85,OFFICE,,3,
2026-08-26,Galaxy A16,352513120292210,A,128GB,Physical SIM + eSIM,Black,MHL,85,OFFICE,,3,
2026-08-26,Galaxy A16,352513123323582,A,128GB,Physical SIM + eSIM,Black,MHL,85,OFFICE,,3,
2026-08-26,Galaxy A16,352513128516925,A,128GB,Physical SIM + eSIM,Black,MHL,85,OFFICE,,3,
2026-08-26,Galaxy A16,352513128704927,A,128GB,Physical SIM + eSIM,Black,MHL,85,OFFICE,,3,
2026-08-26,Galaxy A16,352513128972698,A,128GB,Physical SIM + eSIM,Black,MHL,85,OFFICE,,3,
2026-08-26,Galaxy A16,353026642647679,A,128GB,Physical SIM + eSIM,Black,MHL,85,OFFICE,,3,
2026-08-26,Galaxy A16,353670772699792,A,128GB,Physical SIM + eSIM,Black,MHL,85,OFFICE,,3,
2026-08-26,GALAXY S21,355218130412876,A,256GB,Physical SIM + eSIM,White,MHL,140,OFFICE,,3,
2026-08-26,GALAXY S21,355218130424160,A,256GB,Physical SIM + eSIM,White,MHL,140,OFFICE,,3,
2026-08-26,GALAXY S23,355552513076993,A,256GB,Physical SIM + eSIM,Black,ABC,208,OFFICE,,3,
2026-08-26,GALAXY S23,355552513348228,A,256GB,Physical SIM + eSIM,Black,ABC,208,OFFICE,,3,
2026-08-26,GALAXY S23,355552513663865,A,256GB,Physical SIM + eSIM,Black,ABC,208,OFFICE,,3,
2026-08-26,Galaxy S23,355552515119627,A,128GB,Physical SIM + eSIM,Cream,MHL,185,OFFICE,,3,
2026-08-26,GALAXY S21,356333450066522,A,256GB,Physical SIM + eSIM,White,MHL,140,OFFICE,,3,
2026-08-26,GALAXY S21,356333450175042,A,256GB,Physical SIM + eSIM,Black,MHL,140,OFFICE,,3,
2026-08-26,GALAXY S21,356333450203455,A,256GB,Physical SIM + eSIM,Black,MHL,140,OFFICE,,3,
2026-08-26,GALAXY S21,356333450505263,A,256GB,Physical SIM + eSIM,Black,MHL,140,OFFICE,,3,
2026-08-26,GALAXY S21,356333450744847,A,256GB,Physical SIM + eSIM,White,MHL,140,OFFICE,,3,
2026-08-26,GALAXY S21,356333450963561,A,256GB,Physical SIM + eSIM,Black,MHL,140,OFFICE,,3,
2026-08-26,GALAXY S21,356333451052356,A,256GB,Physical SIM + eSIM,Black,MHL,140,OFFICE,,3,
2026-08-26,Pixel 8 Pro,356774620906222,A,128GB,Physical SIM + eSIM,Blue,MHL,240,OFFICE,,3,
2026-08-26,GALAXY S21,357366721167553,A,256GB,Physical SIM + eSIM,Black,MHL,140,OFFICE,,3,
2026-08-26,IPAD 11TG GEN,SDW3NH3WY9X,ONU,128GB,Not Applicable,Blue,MHL,325,OFFICE,,3,
2026-08-26,IPAD 11TG GEN,SH6YCQQQWHL,ONU,128GB,Not Applicable,Blue,MHL,325,OFFICE,,3,
2026-08-26,IPAD 11TG GEN,SHYTWX7KXV,ONU,128GB,,Silver,BUNTY,270,OFFICE,,3,
2026-08-25,IPHONE 8,353221105964352,A,64GB,,Gold,NIHAL,55,OFFICE,,4,
2026-08-25,Galaxy A32,353427862355532,A,64GB,Dual Physical SIM,Black,NANAK,60,OFFICE,,4,
2026-08-25,Galaxy A32,355808981494468,A,64GB,Dual Physical SIM,Black,NANAK,60,OFFICE,,4,
2026-08-25,Galaxy A32,355808981546085,A,64GB,Dual Physical SIM,Black,NANAK,60,OFFICE,,4,
2026-08-24,GALAXY S21,350166284537961,A,128GB,Physical SIM + eSIM,Black,MHL,120,OFFICE,,5,
2026-08-24,GALAXY S21,350166284795353,A,128GB,Physical SIM + eSIM,VIOLET,MHL,120,OFFICE,,5,
2026-08-24,Galaxy A21S 4G,350179382325205,A,64GB,Physical SIM + eSIM,BLUE,IMAX,55,OFFICE,,5,
2026-08-24,Galaxy A21S 4G,350179382325206,A,64GB,Physical SIM + eSIM,BLUE,IMAX,55,OFFICE,,5,
2026-08-24,Galaxy A21S 4G,350179382863817,A,64GB,Physical SIM + eSIM,BLUE,IMAX,55,OFFICE,,5,
2026-08-24,GALAXY S21,350336263009163,A,128GB,Physical SIM + eSIM,Black,MHL,120,OFFICE,,5,
2026-08-24,GALAXY S21,350336263547857,A,128GB,Physical SIM + eSIM,Black,MHL,120,OFFICE,,5,
2026-08-24,GALAXY S21,350336263994661,A,128GB,Physical SIM + eSIM,Black,MHL,120,OFFICE,,5,
2026-08-24,GALAXY S21,350336264233549,A,128GB,Physical SIM + eSIM,Black,MHL,120,OFFICE,,5,
2026-08-24,GALAXY S21,350336267505091,A,128GB,Physical SIM + eSIM,Black,MHL,120,OFFICE,,5,
2026-08-24,GALAXY S21,350336267916785,A,128GB,Physical SIM + eSIM,Black,MHL,120,OFFICE,,5,
2026-08-24,GALAXY S23,350669647119047,A,128GB,Physical SIM + eSIM,Purple,MHL,185,OFFICE,,5,
2026-08-24,GALAXY S21,352651790077808,A,128GB,Physical SIM + eSIM,Black,MHL,120,OFFICE,,5,
2026-08-24,GALAXY S23,352766390420545,A,128GB,Physical SIM + eSIM,Black,NIHAL,185,OFFICE,,5,
2026-08-24,iPhone 12 Mini,353014119648479,A,256GB,Physical SIM + eSIM,Blue,ABC,135,OFFICE,,5,
2026-08-24,iPhone 12,353049113485411,A,256GB,Physical SIM + eSIM,White,ABC,160,OFFICE,,5,
2026-08-24,iPhone 12,353053115506265,A,128GB,Physical SIM + eSIM,Blue,ABC,155,OFFICE,,5,
2026-08-24,iPhone 12,353779337762308,A,64GB,Physical SIM + eSIM,Black,IMAX,150,OFFICE,,5,
2026-08-24,GALAXY S21,354034471884222,A,128GB,Physical SIM + eSIM,Black,MHL,120,OFFICE,,5,
2026-08-24,Galaxy A15,355030761674707,A,128GB,Physical SIM + eSIM,Black,MHL,75,OFFICE,,5,
2026-08-24,GALAXY S21,355151973619630,A,128GB,Physical SIM + eSIM,Black,MHL,120,OFFICE,,5,
2026-08-24,GALAXY S21,355218130425753,A,256GB,Physical SIM + eSIM,PINK,MHL,140,OFFICE,,5,
2026-08-24,GALAXY S23,355552516749018,A,128GB,Physical SIM + eSIM,GREEN,MHL,185,OFFICE,,5,
2026-08-24,GALAXY S21,356333450571364,A,256GB,Physical SIM + eSIM,White,MHL,140,OFFICE,,5,
2026-08-24,GALAXY S21,356333451121292,A,256GB,Physical SIM + eSIM,White,MHL,140,OFFICE,,5,
2026-08-24,iPhone 12,357716586565954,A,64GB,Physical SIM + eSIM,Black,IMAX,150,OFFICE,,5,
2026-08-24,iPhone 12,357716586622268,A,64GB,Physical SIM + eSIM,Black,IMAX,150,OFFICE,,5,
2026-08-24,iPhone 12,357716588555391,A,64GB,Physical SIM + eSIM,Black,IMAX,150,OFFICE,,5,
2026-08-24,iPhone 12,357716588590364,A,64GB,Physical SIM + eSIM,Black,IMAX,150,OFFICE,,5,
2026-08-24,IPAD 11TG GEN,SDHVJ6YYYX,ONU,128GB,,Blue,MHL,325,OFFICE,,5,
2026-08-22,GALAXY S20 Fe,350533520589389,A,128GB,,Blue,NIHAL,105,OFFICE,,7,
2026-08-22,GALAXY A32 4G,350839826837640,A,128GB,,Black,RR STOCK,58,OFFICE,,7,
2026-08-22,GALAXY S20 Fe,351328111825733,A,128GB,,Blue,RR STOCK,105,OFFICE,,7,
2026-08-22,Galaxy A32,351554744625220,A,64GB,,Black,RR STOCK,58,OFFICE,,7,
2026-08-22,Galaxy A32,351554746690438,A,64GB,,Black,RR STOCK,58,OFFICE,,7,
2026-08-22,Galaxy A32,351554746732487,A,64GB,,Black,RR STOCK,58,OFFICE,,7,
2026-08-22,Galaxy A32,351554748491736,A,64GB,,Black,RR STOCK,58,OFFICE,,7,
2026-08-22,Galaxy A21S 4G,351832198796311,A,32GB,,Black,RR STOCK,48,OFFICE,,7,
2026-08-22,Galaxy A21S 4G,351832199409211,A,32GB,,Black,RR STOCK,48,OFFICE,,7,
2026-08-22,Galaxy XCover 5 4G,352075821827868,A,64GB,Dual Physical SIM,Black,RR STOCK,35,OFFICE,,7,
2026-08-22,Galaxy XCover 5 4G,352075826681922,A,64GB,Dual Physical SIM,Black,RR STOCK,35,OFFICE,,7,
2026-08-22,Galaxy XCover 5 4G,352075829612742,A,64GB,Dual Physical SIM,Black,RR STOCK,35,OFFICE,,7,
2026-08-22,Galaxy A12 4G,352399915559728,A,64GB,,Black,MHL,52,OFFICE,,7,
2026-08-22,Galaxy A12 4G,352399916705049,A,64GB,,Black,MHL,52,OFFICE,,7,
2026-08-22,Galaxy A12 4G,352399916712094,A,64GB,,Black,MHL,52,OFFICE,,7,
2026-08-22,Galaxy A12 4G,352399917049199,A,64GB,,Black,MHL,52,OFFICE,,7,
2026-08-22,Galaxy A12 4G,352399917113599,A,64GB,,Black,MHL,52,OFFICE,,7,
2026-08-22,Galaxy XCover 5 4G,352419255875367,A,64GB,Dual Physical SIM,Black,RR STOCK,35,OFFICE,,7,
2026-08-22,IPHONE 13 Pro,352806848217612,A,128GB,Physical SIM + eSIM,Black,ABC,270,OFFICE,,7,
2026-08-22,GALAXY S20 Fe,353173656060959,A,128GB,,Blue,NIHAL,105,OFFICE,,7,
2026-08-22,Galaxy A32,353427862166608,A,64GB,,Black,NIHAL,58,OFFICE,,7,
2026-08-22,GALAXY S20 Fe,355008378562353,A,128GB,,Blue,RR STOCK,105,OFFICE,,7,
2026-08-22,Galaxy A40,355521116275351,A,32GB,,Black,IMAX,45,OFFICE,,7,
2026-08-22,GALAXY S20 Fe,356084611576681,A,128GB,,Blue,RR STOCK,105,OFFICE,,7,
2026-08-22,Galaxy A13,359103250816385,A,64GB,,Black,MHL,55,OFFICE,,7,
2026-08-22,GALAXY S20 Fe,359823617320660,A,128GB,,Blue,NIHAL,105,OFFICE,,7,
2026-08-21,IPAD 11TG GEN,195950086188,ONU,128GB,Not Applicable,Silver,ABC,300,OFFICE,,8,
2026-08-21,GALAXY S23 Ultra,350105092231847,A,256GB,Physical SIM + eSIM,RED,MHL,320,OFFICE,,8,
2026-08-21,GALAXY S22,351561160393225,A,128GB,Physical SIM + eSIM,GOLD,MHL,145,OFFICE,,8,
2026-08-21,GALAXY S22,351561161012204,A,128GB,Physical SIM + eSIM,GOLD,MHL,145,OFFICE,,8,
2026-08-21,Galaxy A12 4G,352307135305640,A,32GB,Dual Physical SIM,Blue,IMAX,50,OFFICE,,8,
2026-08-21,Galaxy A12 4G,352307136133231,A,32GB,Dual Physical SIM,Red,IMAX,50,OFFICE,,8,
2026-08-21,Galaxy A12 4G,352307137436393,A,32GB,Dual Physical SIM,Blue,IMAX,50,OFFICE,,8,
2026-08-21,Galaxy A12 4G,352307138164507,A,32GB,Dual Physical SIM,Blue,IMAX,50,OFFICE,,8,
2026-08-21,Galaxy A12 4G,352307138878155,A,32GB,Dual Physical SIM,Black,IMAX,50,OFFICE,,8,
2026-08-21,Galaxy S22 Plus,352516404638032,A,256GB,Physical SIM + eSIM,Black,MHL,170,OFFICE,,8,
2026-08-21,GALAXY S22,352991850835418,A,128GB,Physical SIM + eSIM,GREEN,MHL,145,OFFICE,,8,
2026-08-21,GALAXY S22,354285670178101,A,128GB,Physical SIM + eSIM,GREEN,MHL,145,OFFICE,,8,
2026-08-21,GALAXY S20 Fe,356084611586581,A,128GB,Physical SIM + eSIM,Blue,NIHAL,105,OFFICE,,8,
2026-08-21,IPHONE 8,356700087817677,A,64GB,Physical SIM,Black,NIHAL,55,OFFICE,,8,
2026-08-21,GALAXY S22,356724570402912,A,128GB,Physical SIM + eSIM,GREEN,MHL,145,OFFICE,,8,
2026-08-21,GALAXY S20 Fe,359823615954866,A,128GB,Physical SIM + eSIM,Blue,NIHAL,105,OFFICE,,8,
2026-08-20,GALAXY S21 Fe,350362203052899,A,128GB,Physical SIM + eSIM,Black,MHL,115,OFFICE,,9,
2026-08-20,GALAXY S21 Fe,350362206742728,A,128GB,Physical SIM + eSIM,Black,MHL,115,OFFICE,,9,
2026-08-20,GALAXY S21 Fe,350370852713083,A,128GB,Physical SIM + eSIM,Black,MHL,115,OFFICE,,9,
2026-08-20,GALAXY S21 Fe,350799514537565,A,128GB,Physical SIM + eSIM,Black,MHL,115,OFFICE,,9,
2026-08-20,GALAXY S21 Fe,350928503029686,A,128GB,Physical SIM + eSIM,Lavender,MHL,115,OFFICE,,9,
2026-08-20,GALAXY S21 Fe,350928503909663,A,128GB,Physical SIM + eSIM,White,MHL,115,OFFICE,,9,
2026-08-20,Galaxy S23 Plus,351059814799582,A,256GB,Physical SIM + eSIM,Green,MHL,220,OFFICE,,9,
2026-08-20,Galaxy S23 Plus,351219584135942,A,256GB,Physical SIM + eSIM,Green,MHL,220,OFFICE,,9,
2026-08-20,GALAXY S21 Fe,351385330086489,A,128GB,Physical SIM + eSIM,White,MHL,115,OFFICE,,9,
2026-08-20,GALAXY S21 Fe,351385330094848,A,128GB,Physical SIM + eSIM,White,MHL,115,OFFICE,,9,
2026-08-20,GALAXY S21 Fe,351385330174319,A,128GB,Physical SIM + eSIM,White,MHL,115,OFFICE,,9,
2026-08-20,GALAXY S21 Fe,351385330217100,A,128GB,Physical SIM + eSIM,White,MHL,115,OFFICE,,9,
2026-08-20,GALAXY S21 Fe,351385330275488,A,128GB,Physical SIM + eSIM,White,MHL,115,OFFICE,,9,
2026-08-20,Galaxy A32,351554742950562,A,64GB,Dual Physical SIM,Black,NANAK,60,OFFICE,,9,
2026-08-20,Galaxy A32,351554742956320,A,64GB,Dual Physical SIM,Black,NANAK,60,OFFICE,,9,
2026-08-20,Galaxy A32,351554742963730,A,64GB,Dual Physical SIM,Black,NANAK,60,OFFICE,,9,
2026-08-20,Galaxy A32,351554742965156,A,64GB,Dual Physical SIM,Black,NANAK,60,OFFICE,,9,
2026-08-20,Galaxy A32,351554742986194,A,64GB,Dual Physical SIM,Black,NANAK,60,OFFICE,,9,
2026-08-20,Galaxy A32,351554742988943,A,64GB,Dual Physical SIM,Black,NANAK,60,OFFICE,,9,
2026-08-20,Galaxy A32,351554743000102,A,64GB,Dual Physical SIM,Black,NANAK,60,OFFICE,,9,
2026-08-20,Galaxy A32,351554743013451,A,64GB,Dual Physical SIM,Black,NANAK,60,OFFICE,,9,
2026-08-20,Galaxy A32,351554743135148,A,64GB,Dual Physical SIM,Black,NANAK,60,OFFICE,,9,
2026-08-20,Galaxy A32,351554743137615,A,64GB,Dual Physical SIM,Black,NANAK,60,OFFICE,,9,
2026-08-20,Galaxy A32,351554743140973,A,64GB,Dual Physical SIM,Black,NANAK,60,OFFICE,,9,
2026-08-20,Galaxy A32,351554743143894,A,64GB,Dual Physical SIM,Black,NANAK,60,OFFICE,,9,
2026-08-20,Galaxy A32,351554743148901,A,64GB,Dual Physical SIM,Black,NANAK,60,OFFICE,,9,
2026-08-20,Galaxy A32,351554743156672,A,64GB,Dual Physical SIM,Black,NANAK,60,OFFICE,,9,
2026-08-20,Galaxy A32,351554743164049,A,64GB,Dual Physical SIM,Black,NANAK,60,OFFICE,,9,
2026-08-20,GALAXY S21 Fe,351675490278292,A,128GB,Physical SIM + eSIM,Lavender,MHL,115,OFFICE,,9,
2026-08-20,GALAXY S21 Fe,351700864349857,A,128GB,Physical SIM + eSIM,White,MHL,115,OFFICE,,9,
2026-08-20,Galaxy A30S 4G,351713112535987,A,64GB,Dual Physical SIM,Black,MHL,45,OFFICE,,9,
2026-08-20,GALAXY A35,351782250272059,A,128GB,Physical SIM + eSIM,Navy,NIHAL,125,OFFICE,,9,
2026-08-20,GALAXY A35,351782250277009,A,128GB,Physical SIM + eSIM,Navy,NIHAL,125,OFFICE,,9,
2026-08-20,GALAXY S21 Fe,351844421261351,A,128GB,Physical SIM + eSIM,Black,MHL,115,OFFICE,,9,
2026-08-20,Galaxy A32,351946450428122,A,64GB,Dual Physical SIM,Black,NANAK,60,OFFICE,,9,
2026-08-20,GALAXY S21 Fe,352126722350268,A,128GB,Physical SIM + eSIM,Lavender,MHL,115,OFFICE,,9,
2026-08-20,GALAXY S21 Fe,352126723599608,A,128GB,Physical SIM + eSIM,Green,MHL,115,OFFICE,,9,
2026-08-20,Galaxy A32,353427863643902,A,64GB,Dual Physical SIM,Black,NANAK,60,OFFICE,,9,
2026-08-20,Galaxy A32,353427863648737,A,64GB,Dual Physical SIM,Black,NANAK,60,OFFICE,,9,
2026-08-20,Galaxy A32,353427863650873,A,64GB,Dual Physical SIM,Black,NANAK,60,OFFICE,,9,
2026-08-20,Galaxy A32,353427863651095,A,64GB,Dual Physical SIM,Black,NANAK,60,OFFICE,,9,
2026-08-20,Galaxy A32,353427863652200,A,64GB,Dual Physical SIM,Black,NANAK,60,OFFICE,,9,
2026-08-20,Galaxy A32,353427863652838,A,64GB,Dual Physical SIM,Black,NANAK,60,OFFICE,,9,
2026-08-20,Galaxy A32,353427863666150,A,64GB,Dual Physical SIM,Black,NANAK,60,OFFICE,,9,
2026-08-20,Galaxy A32,353427863687842,A,64GB,Dual Physical SIM,Black,NANAK,60,OFFICE,,9,
2026-08-20,Galaxy A32,353427864062722,A,64GB,Dual Physical SIM,Black,NANAK,60,OFFICE,,9,
2026-08-20,Galaxy A32,353427864068695,A,64GB,Dual Physical SIM,Black,NANAK,60,OFFICE,,9,
2026-08-20,Galaxy A32,353427868090430,A,64GB,Dual Physical SIM,Black,NANAK,60,OFFICE,,9,
2026-08-20,Galaxy A32,353427868285576,A,64GB,Dual Physical SIM,Black,NANAK,60,OFFICE,,9,
2026-08-20,Galaxy S22,353459963487146,A,128GB,Physical SIM + eSIM,Black,MHL,145,OFFICE,,9,
2026-08-20,GALAXY S21 Fe,353717341399204,A,128GB,Physical SIM + eSIM,Black,MHL,115,OFFICE,,9,
2026-08-20,GALAXY S21 Fe,353718681607289,A,128GB,Physical SIM + eSIM,Black,MHL,115,OFFICE,,9,
2026-08-20,GALAXY S21 Fe,353718682301056,A,128GB,Physical SIM + eSIM,Green,MHL,115,OFFICE,,9,
2026-08-20,GALAXY S21 Fe,353718682812722,A,128GB,Physical SIM + eSIM,Black,MHL,115,OFFICE,,9,
2026-08-20,GALAXY S21 Fe,353718684756075,A,128GB,Physical SIM + eSIM,Green,MHL,115,OFFICE,,9,
2026-08-20,GALAXY S21 Fe,353718686276643,A,128GB,Physical SIM + eSIM,Black,MHL,115,OFFICE,,9,
2026-08-20,Galaxy A30S 4G,353765110491900,A,64GB,Dual Physical SIM,Black,MHL,45,OFFICE,,9,
2026-08-20,Galaxy S23 Plus,355802951733377,A,256GB,Physical SIM + eSIM,Black,MHL,220,OFFICE,,9,
2026-08-20,Galaxy S23 Plus,355802955398441,A,256GB,Physical SIM + eSIM,Green,MHL,220,OFFICE,,9,
2026-08-20,Galaxy A32,355808981011791,A,64GB,Dual Physical SIM,Black,NANAK,60,OFFICE,,9,
2026-08-20,Galaxy A32,355808982354901,A,64GB,Dual Physical SIM,Black,NANAK,60,OFFICE,,9,
2026-08-20,Galaxy A32,355808982826197,A,64GB,Dual Physical SIM,Black,NANAK,60,OFFICE,,9,
2026-08-20,Galaxy A32,355808982874460,A,64GB,Dual Physical SIM,Black,NANAK,60,OFFICE,,9,
2026-08-20,Galaxy A32,355808983019883,A,64GB,Dual Physical SIM,Black,NANAK,60,OFFICE,,9,
2026-08-20,GALAXY S22,356724575096719,A,128GB,Physical SIM + eSIM,Black,MHL,170,OFFICE,,9,
2026-08-20,GALAXY S22,356724575294652,A,128GB,Physical SIM + eSIM,Black,MHL,170,OFFICE,,9,
2026-08-20,GALAXY S22,356724575743492,A,128GB,Physical SIM + eSIM,Black,MHL,170,OFFICE,,9,
2026-08-20,GALAXY S22,356724575871467,A,128GB,Physical SIM + eSIM,Black,MHL,170,OFFICE,,9,
2026-08-20,GALAXY S22,356724575929083,A,128GB,Physical SIM + eSIM,Black,MHL,170,OFFICE,,9,
2026-08-20,GALAXY S21 Fe,358316600076077,A,128GB,Physical SIM + eSIM,Green,MHL,115,OFFICE,,9,
2026-08-20,GALAXY S21 Fe,358316600076838,A,128GB,Physical SIM + eSIM,Green,MHL,115,OFFICE,,9,
2026-08-20,GALAXY S21 Fe,358316600335184,A,128GB,Physical SIM + eSIM,Green,MHL,115,OFFICE,,9,
2026-08-20,Galaxy A30S 4G,358577104918862,A,64GB,Dual Physical SIM,Black,MHL,45,OFFICE,,9,
2026-08-20,Galaxy A30S 4G,358577104921353,A,64GB,Dual Physical SIM,Black,MHL,45,OFFICE,,9,
2026-08-20,Galaxy A30S 4G,358577104921932,A,64GB,Dual Physical SIM,Black,MHL,45,OFFICE,,9,
2026-08-20,Galaxy A30S 4G,358577104934646,A,64GB,Dual Physical SIM,Black,MHL,45,OFFICE,,9,
2026-08-20,Galaxy A30S 4G,358577104962563,A,64GB,Dual Physical SIM,Black,MHL,45,OFFICE,,9,
2026-08-20,Galaxy A30S 4G,358577105111954,A,64GB,Dual Physical SIM,Black,MHL,45,OFFICE,,9,
2026-08-20,GALAXY S21 Fe,358931300100314,A,128GB,Physical SIM + eSIM,Blue,MHL,115,OFFICE,,9,
2026-08-20,Galaxy S22,358933730213907,A,128GB,Physical SIM + eSIM,Black,MHL,145,OFFICE,,9,
2026-08-20,GALAXY S21 Fe,359043371423150,A,128GB,Physical SIM + eSIM,Black,MHL,115,OFFICE,,9,
2026-08-20,GALAXY S21 Fe,359043378656950,A,128GB,Physical SIM + eSIM,Black,MHL,115,OFFICE,,9,
2026-08-20,IPAD 9TH GEN CELLULAR,C69FJV47R1,A,256GB,Physical SIM,Grey,MOBILE KIT,155,OFFICE,,9,
2026-08-20,iPad 10th Gen,CV4XKW954P,A,64GB,,YELLOW,MOBILE KIT,230,OFFICE,,9,
2026-08-20,IPAD 9TH GEN CELLULAR,DDVJ1CQRQR,A,256GB,Physical SIM,Grey,MOBILE KIT,155,OFFICE,,9,
2026-08-20,IPAD 9TH GEN CELLULAR,FPCJY4WWCY,A,256GB,Physical SIM,Grey,MOBILE KIT,155,OFFICE,,9,
2026-08-20,IPAD 9TH GEN CELLULAR,J2HW0VXHL4,A,256GB,Physical SIM,Grey,MOBILE KIT,155,OFFICE,,9,
2026-08-20,IPAD 9TH GEN CELLULAR,KD2D52KQJR,A,256GB,Physical SIM,Grey,MOBILE KIT,155,OFFICE,,9,
2026-08-20,IPAD 9TH GEN CELLULAR,QHW770475C,A,256GB,Physical SIM,Grey,MOBILE KIT,155,OFFICE,,9,
2026-08-20,IPAD 9TH GEN CELLULAR,V7CFHP19YC,A,256GB,Physical SIM,Grey,MOBILE KIT,155,OFFICE,,9,
2026-08-20,IPAD 9TH GEN CELLULAR,XXWQFPVWR5,A,256GB,Physical SIM,Grey,MOBILE KIT,155,OFFICE,,9,
2026-08-19,Pixel 6A,350631702398122,A,128GB,Physical SIM + eSIM,White,MHL,95,OFFICE,,10,
2026-08-19,Galaxy S22 Plus,350779532236432,A,128GB,Physical SIM + eSIM,Black,MHL,155,OFFICE,,10,
2026-08-19,Galaxy S22,351334330407782,A,128GB,Physical SIM + eSIM,Black,MHL,145,OFFICE,,10,
2026-08-19,Galaxy A16,352623172562905,A,128GB,Dual Physical SIM,White,IMAX,85,OFFICE,,10,
2026-08-19,Galaxy A16,352623172565411,A,128GB,Dual Physical SIM,White,IMAX,85,OFFICE,,10,
2026-08-19,Galaxy A16,352623172566351,A,128GB,Dual Physical SIM,White,IMAX,85,OFFICE,,10,
2026-08-19,Galaxy A16,352623172567763,A,128GB,Dual Physical SIM,White,IMAX,85,OFFICE,,10,
2026-08-19,Galaxy A16,352623172568928,A,128GB,Dual Physical SIM,White,IMAX,85,OFFICE,,10,
2026-08-19,Galaxy A16,352623172569108,A,128GB,Dual Physical SIM,White,IMAX,85,OFFICE,,10,
2026-08-19,Galaxy A16,352623172569694,A,128GB,Dual Physical SIM,White,IMAX,85,OFFICE,,10,
2026-08-19,Galaxy A16,352623172571237,A,128GB,Dual Physical SIM,White,IMAX,85,OFFICE,,10,
2026-08-19,Galaxy A16,352623172571252,A,128GB,Dual Physical SIM,White,IMAX,85,OFFICE,,10,
2026-08-19,Galaxy A16,352623172571351,A,128GB,Dual Physical SIM,White,IMAX,85,OFFICE,,10,
2026-08-19,Galaxy A16,352623172574025,A,128GB,Dual Physical SIM,White,IMAX,85,OFFICE,,10,
2026-08-19,Galaxy A16,352623172576160,A,128GB,Dual Physical SIM,White,IMAX,85,OFFICE,,10,
2026-08-19,Galaxy A16,352623172577135,A,128GB,Dual Physical SIM,White,IMAX,85,OFFICE,,10,
2026-08-19,Galaxy A16,352623172578703,A,128GB,Dual Physical SIM,White,IMAX,85,OFFICE,,10,
2026-08-19,Galaxy A16,352623172580691,A,128GB,Dual Physical SIM,White,IMAX,85,OFFICE,,10,
2026-08-19,Galaxy A16,352623172595350,A,128GB,Dual Physical SIM,White,IMAX,85,OFFICE,,10,
2026-08-19,Galaxy A16,352623172604327,A,128GB,Dual Physical SIM,White,IMAX,85,OFFICE,,10,
2026-08-19,Galaxy S22 Plus,353030964011142,A,128GB,Physical SIM + eSIM,White,MHL,155,OFFICE,,10,
2026-08-19,Galaxy S20 Plus,355602111281337,A,128GB,Physical SIM + eSIM,Blue,MHL,120,OFFICE,,10,
2026-08-19,Galaxy S23 Plus,355802953147782,A,256GB,Physical SIM + eSIM,Purple,MHL,220,OFFICE,,10,
2026-08-19,Galaxy S23 Plus,355802954058202,A,256GB,Physical SIM + eSIM,White,MHL,220,OFFICE,,10,
2026-08-19,Galaxy S22 Plus,356329200345554,A,128GB,Physical SIM + eSIM,Green,MHL,155,OFFICE,,10,
2026-08-19,Galaxy S21 Ultra,356544763779631,A,128GB,Physical SIM + eSIM,Black,MHL,180,OFFICE,,10,
2026-08-19,Galaxy S22 Plus,356550755012493,A,256GB,Physical SIM + eSIM,Black,MHL,170,OFFICE,,10,
2026-08-17,Pixel 9A,350255141696589,A,128GB,Physical SIM + eSIM,Black,MHL,270,OFFICE,,12,
2026-08-17,Pixel 9A,350255143184840,A,128GB,Physical SIM + eSIM,Purple,MHL,270,OFFICE,,12,
2026-08-17,Galaxy A12 4G,350699187862227,A,64GB,Dual Physical SIM,Black,IMAX,52,OFFICE,,12,
2026-08-17,Galaxy A12 4G,350699188069129,A,64GB,Dual Physical SIM,Black,IMAX,52,OFFICE,,12,
2026-08-17,GALAXY S21 Fe,350799512073787,A,128GB,Physical SIM + eSIM,Grey,MHL,115,OFFICE,,12,
2026-08-17,Galaxy A12 4G,350832410111928,A,64GB,Dual Physical SIM,Black,IMAX,52,OFFICE,,12,
2026-08-17,GALAXY S21 Fe,351302607728016,A,128GB,Physical SIM + eSIM,Green,MHL,115,OFFICE,,12,
2026-08-17,GALAXY S23 Ultra,351364390717051,A,256GB,Physical SIM + eSIM,Black,ABC,310,OFFICE,,12,
2026-08-17,Galaxy A12 4G,351452960099305,A,64GB,Dual Physical SIM,Black,IMAX,52,OFFICE,,12,
2026-08-17,Galaxy A32,351554740099248,A,64GB,Dual Physical SIM,Black,IMAX,58,OFFICE,,12,
2026-08-17,Galaxy A32,351554745004086,A,64GB,Dual Physical SIM,Black,IMAX,58,OFFICE,,12,
2026-08-17,Galaxy A32,351554746992909,A,64GB,Dual Physical SIM,Black,IMAX,58,OFFICE,,12,
2026-08-17,Galaxy A32,351554746997585,A,64GB,Dual Physical SIM,Black,IMAX,58,OFFICE,,12,
2026-08-17,Galaxy A32,351554747106731,A,64GB,Dual Physical SIM,Black,IMAX,58,OFFICE,,12,
2026-08-17,Galaxy A32,351554747390848,A,64GB,Dual Physical SIM,Black,IMAX,58,OFFICE,,12,
2026-08-17,Galaxy A32,351554747394030,A,64GB,Dual Physical SIM,Black,IMAX,58,OFFICE,,12,
2026-08-17,Galaxy A32,351554747553312,A,64GB,Dual Physical SIM,Black,IMAX,58,OFFICE,,12,
2026-08-17,Galaxy A32,351554748119808,A,64GB,Dual Physical SIM,Black,IMAX,58,OFFICE,,12,
2026-08-17,Galaxy A32,351554748191385,A,64GB,Dual Physical SIM,Black,IMAX,58,OFFICE,,12,
2026-08-17,GALAXY S21 Fe,351844423527742,A,128GB,Physical SIM + eSIM,Violet,MHL,115,OFFICE,,12,
2026-08-17,iPad Air 2 4G,352070074062925,A,16GB,Physical SIM,Silver,MHL,50,OFFICE,,12,
2026-08-17,Galaxy A12 4G,352422540014701,A,64GB,Dual Physical SIM,Black,IMAX,52,OFFICE,,12,
2026-08-17,Galaxy A12 4G,352654700644071,A,64GB,Dual Physical SIM,Black,IMAX,52,OFFICE,,12,
2026-08-17,Galaxy A12 4G,352654701502260,A,64GB,Dual Physical SIM,Black,IMAX,52,OFFICE,,12,
2026-08-17,Galaxy A12 4G,352654701586222,A,64GB,Dual Physical SIM,Black,IMAX,52,OFFICE,,12,
2026-08-17,Galaxy A12 4G,352654703268498,A,64GB,Dual Physical SIM,Black,IMAX,52,OFFICE,,12,
2026-08-17,Galaxy A12 4G,352654703271435,A,64GB,Dual Physical SIM,Black,IMAX,52,OFFICE,,12,
2026-08-17,Galaxy A12 4G,352654706543327,A,64GB,Dual Physical SIM,Black,IMAX,52,OFFICE,,12,
2026-08-17,Galaxy A12 4G,352654706572805,A,64GB,Dual Physical SIM,Black,IMAX,52,OFFICE,,12,
2026-08-17,Galaxy A12 4G,352654706580600,A,64GB,Dual Physical SIM,Black,IMAX,52,OFFICE,,12,
2026-08-17,Galaxy A12 4G,352654707519482,A,64GB,Dual Physical SIM,Black,IMAX,52,OFFICE,,12,
2026-08-17,Galaxy A12 4G,352654707527782,A,64GB,Dual Physical SIM,Black,IMAX,52,OFFICE,,12,
2026-08-17,Galaxy A12 4G,352654707666150,A,64GB,Dual Physical SIM,Black,IMAX,52,OFFICE,,12,
2026-08-17,S25 FE,352779841391843,A,128GB,Physical SIM + eSIM,Grey,MHL,270,OFFICE,,12,
2026-08-17,S25 FE,352779841500047,A,128GB,Physical SIM + eSIM,Grey,MHL,270,OFFICE,,12,
2026-08-17,iPhone 12,353065118198064,A,256GB,Physical SIM + eSIM,Green,MHL,170,OFFICE,,12,
2026-08-17,Galaxy A30S 4G,353291110871306,A,64GB,Dual Physical SIM,White,MHL,47,OFFICE,,12,
2026-08-17,Galaxy A32,353427861488110,A,64GB,Dual Physical SIM,Black,IMAX,58,OFFICE,,12,
2026-08-17,Galaxy A32,353427862351838,A,64GB,Dual Physical SIM,Black,IMAX,58,OFFICE,,12,
2026-08-17,GALAXY S22,353459964178132,A,128GB,Physical SIM + eSIM,Green,MHL,170,OFFICE,,12,
2026-08-17,Pixel 9A,355030760061780,A,128GB,Physical SIM + eSIM,Pink,MHL,270,OFFICE,,12,
2026-08-17,GALAXY S22,355706542010494,A,128GB,Physical SIM + eSIM,Green,MHL,170,OFFICE,,12,
2026-08-17,Galaxy A32,355808982316132,A,64GB,Dual Physical SIM,Black,IMAX,58,OFFICE,,12,
2026-08-17,Galaxy A32,355808982322262,A,64GB,Dual Physical SIM,Black,IMAX,58,OFFICE,,12,
2026-08-17,iPad Air 2 4G,355889069016209,A,16GB,Physical SIM,Silver,MHL,50,OFFICE,,12,
2026-08-17,Pixel 9A,355952395219663,A,128GB,Physical SIM + eSIM,White,MHL,270,OFFICE,,12,
2026-08-17,GALAXY S22,356724575072595,A,128GB,Physical SIM + eSIM,Black,MHL,170,OFFICE,,12,
2026-08-17,GALAXY S22,356724575175661,A,128GB,Physical SIM + eSIM,Black,MHL,170,OFFICE,,12,
2026-08-17,GALAXY S22,356724575582072,A,128GB,Physical SIM + eSIM,Black,MHL,170,OFFICE,,12,
2026-08-17,GALAXY S22,356724575623942,A,128GB,Physical SIM + eSIM,Black,MHL,170,OFFICE,,12,
2026-08-17,GALAXY S22,356724575674119,A,128GB,Physical SIM + eSIM,Black,MHL,170,OFFICE,,12,
2026-08-17,GALAXY S22,356724575675504,A,128GB,Physical SIM + eSIM,Black,MHL,170,OFFICE,,12,
2026-08-17,GALAXY S22,356724575811232,A,128GB,Physical SIM + eSIM,Black,MHL,170,OFFICE,,12,
2026-08-17,GALAXY S22,356724575877183,A,128GB,Physical SIM + eSIM,Black,MHL,170,OFFICE,,12,
2026-08-17,GALAXY S22,356919886825786,A,128GB,Physical SIM + eSIM,Black,MHL,170,OFFICE,,12,
2026-08-17,iPad Air 2 4G,356967062771936,A,16GB,Physical SIM,Silver,MHL,50,OFFICE,,12,
2026-08-17,iPad Air 2 4G,356970068674732,A,16GB,Physical SIM,Silver,MHL,50,OFFICE,,12,
2026-08-17,Galaxy A30S 4G,358577107506227,A,64GB,Dual Physical SIM,White,MHL,47,OFFICE,,12,
2026-08-17,Galaxy A30S 4G,358577107507399,A,64GB,Dual Physical SIM,White,MHL,47,OFFICE,,12,
2026-08-14,Galaxy S22,351334330114636,A,128GB,Physical SIM + eSIM,GOLD,MHL,145,OFFICE,,15,
2026-08-14,Galaxy A13 4G,352288969584668,A,64GB,Dual Physical SIM,Black,MHL,50,OFFICE,,15,
2026-08-14,Galaxy A13 4G,352971680267982,A,64GB,Dual Physical SIM,Black,MHL,50,OFFICE,,15,
2026-08-14,Galaxy A13 4G,353270790977385,A,64GB,Dual Physical SIM,Black,MHL,50,OFFICE,,15,
2026-08-14,Galaxy S22,353409200346134,A,128GB,Physical SIM + eSIM,Black,NIHAL,140,OFFICE,,15,
2026-08-14,Galaxy S22,353409201241110,A,128GB,Physical SIM + eSIM,Black,NIHAL,140,OFFICE,,15,
2026-08-14,Galaxy S22,353459960183706,A,128GB,Physical SIM + eSIM,GREEN,MHL,145,OFFICE,,15,
2026-08-14,Galaxy S22,353459960689421,A,128GB,Physical SIM + eSIM,GREEN,MHL,145,OFFICE,,15,
2026-08-14,Galaxy S22,354843630049380,A,256GB,Physical SIM + eSIM,Black,NIHAL,155,OFFICE,,15,
2026-08-14,Galaxy A13 4G,354898531719044,A,64GB,Dual Physical SIM,Black,MHL,50,OFFICE,,15,
2026-08-14,Galaxy A13 4G,356594950208134,A,64GB,Dual Physical SIM,Black,MHL,50,OFFICE,,15,
2026-08-14,Galaxy A13 4G,356594950670994,A,64GB,Dual Physical SIM,Black,MHL,50,OFFICE,,15,
2026-08-14,Galaxy A13 4G,356594951226234,A,64GB,Dual Physical SIM,Black,MHL,50,OFFICE,,15,
2026-08-14,Galaxy A13 4G,356594951318072,A,64GB,Dual Physical SIM,Black,MHL,50,OFFICE,,15,
2026-08-14,Galaxy A13 4G,356594951330275,A,64GB,Dual Physical SIM,Black,MHL,50,OFFICE,,15,
2026-08-14,Galaxy A13 4G,356594951394883,A,64GB,Dual Physical SIM,Black,MHL,50,OFFICE,,15,
2026-08-14,Galaxy A13 4G,356594951667064,A,64GB,Dual Physical SIM,Black,MHL,50,OFFICE,,15,
2026-08-14,Galaxy A13 4G,356594951701798,A,64GB,Dual Physical SIM,Black,MHL,50,OFFICE,,15,
2026-08-14,Galaxy A13 4G,356594951930751,A,64GB,Dual Physical SIM,Black,MHL,50,OFFICE,,15,
2026-08-14,Galaxy A13 4G,356780770499744,A,64GB,Dual Physical SIM,Black,MHL,50,OFFICE,,15,
2026-08-14,Galaxy A13 4G,357642290954484,A,64GB,Dual Physical SIM,Black,MHL,50,OFFICE,,15,
2026-08-14,iPhone 13,359209654727829,A,128GB,Physical SIM + eSIM,PINK,RR STOCK,190,OFFICE,,15,
2026-08-14,Galaxy S22,359670541708209,A,128GB,Physical SIM + eSIM,Black,NIHAL,140,OFFICE,,15,
2026-08-14,Galaxy A13 4G,359944692037324,A,64GB,Dual Physical SIM,Black,MHL,50,OFFICE,,15,
2026-08-14,GALAXY TAB T580,R52J10QNNZ,A,16GB,Not Applicable,Black,MOBILE KIT,25,OFFICE,,15,
2026-08-13,GALAXY S22,352991851216915,A,128GB,Physical SIM + eSIM,Black,NIHAL,140,OFFICE,,16,2026-08-28
2026-08-13,Galaxy A13 5G,354356400886873,A,64GB,Dual Physical SIM,Black,NIHAL,60,OFFICE,,16,
2026-08-13,Galaxy A13 5G,354356400925242,A,64GB,Dual Physical SIM,Black,NIHAL,60,OFFICE,,16,
2026-08-13,Galaxy A13 5G,354356401849383,A,64GB,Dual Physical SIM,Black,NIHAL,60,OFFICE,,16,
2026-08-13,Galaxy A13 5G,354356401853930,A,64GB,Dual Physical SIM,Black,NIHAL,60,OFFICE,,16,
2026-08-13,Galaxy A13 5G,355120938323208,A,64GB,Dual Physical SIM,Black,NIHAL,60,OFFICE,,16,
2026-08-13,Galaxy A13 5G,357299880750754,A,64GB,Dual Physical SIM,Black,NIHAL,60,OFFICE,,16,
2026-08-13,Galaxy A13 5G,357299881171646,A,64GB,Dual Physical SIM,Black,NIHAL,60,OFFICE,,16,
2026-08-13,Galaxy A13 5G,357299881563412,A,64GB,Dual Physical SIM,Black,NIHAL,60,OFFICE,,16,
2026-08-13,Galaxy A13 5G,357299883132323,A,64GB,Dual Physical SIM,Black,NIHAL,60,OFFICE,,16,
2026-08-13,Galaxy A13 5G,358997690717652,A,64GB,Dual Physical SIM,Black,NIHAL,60,OFFICE,,16,
2026-08-13,Galaxy A13 5G,358997692821189,A,64GB,Dual Physical SIM,Black,NIHAL,60,OFFICE,,16,
2026-08-13,Galaxy A13 5G,358997694135505,A,64GB,Dual Physical SIM,Black,NIHAL,60,OFFICE,,16,
2026-08-13,Galaxy A13 5G,358997697184005,A,64GB,Dual Physical SIM,Black,NIHAL,60,OFFICE,,16,
2026-08-13,Galaxy A13 5G,358997699696493,A,64GB,Dual Physical SIM,Black,NIHAL,60,OFFICE,,16,
2026-08-12,Galaxy A15,350251768115938,A,128GB,Dual Physical SIM,BLACK,MHL,75,OFFICE,,17,
2026-08-12,iPhone 12,350400611826080,A,64GB,,Purple,MHL,145,OFFICE,,17,
2026-08-12,iPhone 12,351061780988728,A,64GB,,Purple,MHL,145,OFFICE,,17,
2026-08-12,Galaxy A32,351554740340808,A,64GB,Dual Physical SIM,Black,IMAX,60,OFFICE,,17,
2026-08-12,Galaxy A32,351554741403662,A,64GB,Dual Physical SIM,Black,IMAX,60,OFFICE,,17,
2026-08-12,Galaxy A32,351554743307770,A,64GB,Dual Physical SIM,Black,IMAX,60,OFFICE,,17,
2026-08-12,Galaxy A32,351554745167230,A,64GB,Dual Physical SIM,Black,IMAX,60,OFFICE,,17,
2026-08-12,Galaxy A32,351554747120302,A,64GB,Dual Physical SIM,Black,IMAX,60,OFFICE,,17,
2026-08-12,Galaxy A32,353427868335546,A,64GB,Dual Physical SIM,Black,IMAX,60,OFFICE,,17,
2026-08-12,IPHONE 8,354891099656138,A,64GB,,Gold,NIHAL,55,OFFICE,,17,
2026-08-12,IPHONE 8,354892093020222,A,64GB,,Red,NIHAL,55,OFFICE,,17,
2026-08-12,IPHONE 8,356706083854713,A,64GB,,Silver,NIHAL,55,OFFICE,,17,
2026-08-12,IPAD 9TH GEN CELLULAR,QX7V4J0NXT,A,256GB,,Black,MOBILE KIT,155,OFFICE,,17,
2026-08-12,GALAXY TAB T580,R52H70YQ85Z,A,16GB,,Black,MOBILE KIT,25,OFFICE,,17,
2026-08-12,IPAD 9TH GEN CELLULAR,RPC2YW3MGT,A,256GB,,Black,MOBILE KIT,155,OFFICE,,17,
2026-08-12,IPAD 9TH GEN CELLULAR,RWY04VMVK5,A,256GB,,Black,MOBILE KIT,155,OFFICE,,17,
2026-08-11,GALAXY A35,351782250276696,A,128GB,Physical SIM + eSIM,Black,NIHAL,125,OFFICE,,18,
2026-08-11,GALAXY S20FE,353773292654618,A,128GB,Physical SIM + eSIM,Blue,MHL,105,OFFICE,,18,
2026-08-11,GALAXY S20,355623112499223,A,128GB,Physical SIM,Grey,MHL,105,OFFICE,,18,
2026-08-08,GALAXY S21 Fe,351675490169509,A,128GB,Physical SIM + eSIM,LAVENDER,MHL,115,OFFICE,,21,
2026-08-08,GALAXY S21 Fe,351675496339486,A,128GB,Physical SIM + eSIM,LAVENDER,MHL,115,OFFICE,,21,
2026-08-08,Galaxy A13 5G,357299883073964,A,64GB,Dual Physical SIM,Black,NIHAL,60,OFFICE,,21,
2026-08-08,GALAXY S21 Fe,358316600345498,A,128GB,Physical SIM + eSIM,OLIVE,MHL,115,OFFICE,,21,
2026-08-08,Galaxy A30S 4G,358577107527132,A,64GB,Dual Physical SIM,White,MHL,47,OFFICE,,21,
2026-08-08,APPLE IPAD 9TH GEN CELLULAR,D19KXJHRX3,A,256GB,,SPACE GRAY,MOBILE KIT,155,OFFICE,,21,
2026-08-08,APPLE IPAD 9TH GEN CELLULAR,R67G6WM66W,A,64GB,,SPACE GRAY,MOBILE KIT,130,OFFICE,,21,
2026-08-08,APPLE IPAD 9TH GEN CELLULAR,CW7Q3LDF4P,A,64GB,,SPACE GRAY,MOBILE KIT,130,OFFICE,,21,
2026-08-08,APPLE IPAD 9TH GEN CELLULAR,C4TQ4997DN,A,64GB,,SPACE GRAY,MOBILE KIT,130,OFFICE,,21,
2026-08-08,APPLE IPAD 9TH GEN CELLULAR,M4J41K4PWR,A,64GB,,SILVER,MOBILE KIT,130,OFFICE,,21,
2026-08-08,SAMSUNG GALAXY TAB A T580,R52J31DN9DJ,A,16GB,,BLACK,MOBILE KIT,25,OFFICE,,21,
2026-08-08,SAMSUNG GALAXY TAB A T580,R52J31ED9PL,A,16GB,,BLACK,MOBILE KIT,25,OFFICE,,21,
2026-08-08,SAMSUNG GALAXY TAB A T580,R52J10QNW0W,A,16GB,,BLACK,MOBILE KIT,25,OFFICE,,21,
2026-08-08,SAMSUNG GALAXY TAB A T580,R52HC0RYT5A,A,16GB,,BLACK,MOBILE KIT,25,OFFICE,,21,
2026-08-08,SAMSUNG GALAXY TAB A T580,R52H81B1SFT,A,16GB,,BLACK,MOBILE KIT,25,OFFICE,,21,
2026-08-08,SAMSUNG GALAXY TAB A T580,R52J31DMNLA,A,16GB,,BLACK,MOBILE KIT,25,OFFICE,,21,
2026-08-08,SAMSUNG GALAXY TAB A T580,R52H70ZF3BR,A,16GB,,BLACK,MOBILE KIT,25,OFFICE,,21,
2026-08-08,SAMSUNG GALAXY TAB A T580,R52H70ZDQTT,A,16GB,,BLACK,MOBILE KIT,25,OFFICE,,21,
2026-08-08,SAMSUNG GALAXY TAB A T580,R52H70ZE6RP,A,16GB,,BLACK,MOBILE KIT,25,OFFICE,,21,
2026-08-08,SAMSUNG GALAXY TAB A T580,R52J31DLVLB,A,16GB,,BLACK,MOBILE KIT,25,OFFICE,,21,
2026-08-08,SAMSUNG GALAXY TAB A T580,R52J31EDNXR,A,16GB,,BLACK,MOBILE KIT,25,OFFICE,,21,
2026-08-08,SAMSUNG GALAXY TAB A T580,R52HA12LWCW,A,16GB,,BLACK,MOBILE KIT,25,OFFICE,,21,
2026-08-08,SAMSUNG GALAXY TAB A T580,R52H80SR3TR,A,16GB,,BLACK,MOBILE KIT,25,OFFICE,,21,
2026-08-08,SAMSUNG GALAXY TAB A T580,R52H804SBMT,A,16GB,,BLACK,MOBILE KIT,25,OFFICE,,21,
2026-08-08,SAMSUNG GALAXY TAB A T580,R52H70ZDG7W,A,16GB,,BLACK,MOBILE KIT,25,OFFICE,,21,
2026-08-08,SAMSUNG GALAXY TAB A T580,R52J20PVC3F,A,16GB,,BLACK,MOBILE KIT,25,OFFICE,,21,
2026-08-08,SAMSUNG GALAXY TAB A T580,R52H81JPZDH,A,16GB,,BLACK,MOBILE KIT,25,OFFICE,,21,
2026-08-08,SAMSUNG GALAXY TAB A T580,R52HA0ZKGNP,A,16GB,,BLACK,MOBILE KIT,25,OFFICE,,21,
2026-08-08,SAMSUNG GALAXY TAB A T580,R52H80RCJHM,A,16GB,,BLACK,MOBILE KIT,25,OFFICE,,21,
2026-08-08,SAMSUNG GALAXY TAB A T580,R52HA15ZQ4W,A,16GB,,BLACK,MOBILE KIT,25,OFFICE,,21,
2026-08-08,SAMSUNG GALAXY TAB A T580,R52J31EDBFH,A,16GB,,BLACK,MOBILE KIT,25,OFFICE,,21,
2026-08-08,SAMSUNG GALAXY TAB A T580,R52H70ZE96X,A,16GB,,BLACK,MOBILE KIT,25,OFFICE,,21,
2026-08-08,SAMSUNG GALAXY TAB A T580,R52HA12LY3N,A,16GB,,BLACK,MOBILE KIT,25,OFFICE,,21,
2026-08-08,SAMSUNG GALAXY TAB A T580,R52J31DMZCA,A,16GB,,BLACK,MOBILE KIT,25,OFFICE,,21,
2026-08-08,SAMSUNG GALAXY TAB A T580,R52H710DFHZ,A,16GB,,BLACK,MOBILE KIT,25,OFFICE,,21,
2026-08-08,SAMSUNG GALAXY TAB A T580,R52J104NPNX,A,16GB,,BLACK,MOBILE KIT,25,OFFICE,,21,
2026-08-08,SAMSUNG GALAXY TAB A T580,R52H70ZDQWX,A,16GB,,BLACK,MOBILE KIT,25,OFFICE,,21,
2026-08-08,SAMSUNG GALAXY TAB A T580,R52HC0468ZE,A,16GB,,BLACK,MOBILE KIT,25,OFFICE,,21,
2026-08-08,SAMSUNG GALAXY TAB A T580,R52H81JRH2X,A,16GB,,BLACK,MOBILE KIT,25,OFFICE,,21,
2026-08-08,SAMSUNG GALAXY TAB A T580,R52J10PNT5A,A,16GB,,BLACK,MOBILE KIT,25,OFFICE,,21,
2026-08-08,SAMSUNG GALAXY TAB A T580,R52H804SBEP,A,16GB,,BLACK,MOBILE KIT,25,OFFICE,,21,
2026-08-08,Galaxy A23 5G,359914421679605,A,64GB,Dual Physical SIM,BLACK,NIHAL,73,OFFICE,,21,
2026-08-08,Galaxy A23 5G,359914421339002,A,64GB,Dual Physical SIM,BLACK,NIHAL,73,OFFICE,,21,
2026-08-08,Galaxy A23 5G,359914421096552,A,64GB,Dual Physical SIM,BLACK,NIHAL,73,OFFICE,,21,
2026-08-08,Galaxy A12 4G,352399917082331,A,64GB,Dual Physical SIM,BLACK,MHL,52,OFFICE,,21,
2026-08-08,Galaxy A21S 4G,350117931365439,A,32GB,Dual Physical SIM,BLUE,IMAX,50,OFFICE,,21,
2026-08-08,SAMSUNG GALAXY A32 4G,353100569475032,A,64GB,Dual Physical SIM,BLACK,RR STOCK,58,OFFICE,,21,
2026-08-08,SAMSUNG X COVER 5 4G,352419251511842,A,64GB,Dual Physical SIM,BLACK,MOBILE KIT,34,OFFICE,,21,
2026-08-08,SAMSUNG X COVER 5 4G,352075823074667,A,64GB,Dual Physical SIM,BLACK,MOBILE KIT,34,OFFICE,,21,
2026-08-08,Galaxy A32 5G,355808982336536,B-,64GB,Dual Physical SIM,BLACK,IMAX,58,OFFICE,,21,
2026-08-08,SAMSUNG GALAXY A32 5G,351554743135742,B-,64GB,Dual Physical SIM,BLACK,IMAX,58,OFFICE,,21,
2026-08-08,SAMSUNG GALAXY A32 5G,353427864107709,B-,64GB,Dual Physical SIM,BLACK,IMAX,58,OFFICE,,21,
2026-08-08,SAMSUNG GALAXY A32 5G,351554742962534,B-,64GB,Dual Physical SIM,BLACK,IMAX,58,OFFICE,,21,
2026-08-08,SAMSUNG GALAXY A32 5G,353427863662944,C,64GB,Dual Physical SIM,BLACK,IMAX,58,OFFICE,,21,
2026-08-08,SAMSUNG GALAXY A32 5G,351554743137961,C,64GB,Dual Physical SIM,BLACK,IMAX,58,OFFICE,,21,2026-08-25
2026-08-08,SAMSUNG GALAXY A32 5G,351554743132822,C,64GB,Dual Physical SIM,BLACK,IMAX,58,OFFICE,,21,
2026-08-08,SAMSUNG GALAXY A32 5G,351554747567973,C,64GB,Dual Physical SIM,BLACK,IMAX,58,OFFICE,,21,
2026-08-08,SAMSUNG GALAXY A32 5G,355808983365211,C,64GB,Dual Physical SIM,BLACK,IMAX,58,OFFICE,,21,
2026-08-08,SAMSUNG GALAXY A32 5G,353427863681902,C,64GB,Dual Physical SIM,BLACK,IMAX,58,OFFICE,,21,
2026-08-08,SAMSUNG GALAXY A32 5G,351554743132251,C,64GB,Dual Physical SIM,BLACK,IMAX,58,OFFICE,,21,
2026-08-08,SAMSUNG GALAXY A32 5G,353427863660773,C,64GB,Dual Physical SIM,BLACK,IMAX,58,OFFICE,,21,
2026-08-08,SAMSUNG GALAXY A32 5G,353427863648455,C,64GB,Dual Physical SIM,BLACK,IMAX,58,OFFICE,,21,
2026-08-08,SAMSUNG GALAXY A32 5G,355213796941698,C,64GB,Dual Physical SIM,BLACK,IMAX,58,OFFICE,,21,
2026-08-08,SAMSUNG GALAXY A32 5G,351554743153513,C,64GB,Dual Physical SIM,BLACK,IMAX,58,OFFICE,,21,
2026-08-08,SAMSUNG GALAXY A32 5G,353427869862688,C,64GB,Dual Physical SIM,BLACK,IMAX,58,OFFICE,,21,
2026-08-08,SAMSUNG GALAXY A32 5G,351554743154404,C,64GB,Dual Physical SIM,BLACK,IMAX,58,OFFICE,,21,
2026-08-08,SAMSUNG GALAXY A32 5G,355808982825058,C,64GB,Dual Physical SIM,BLACK,IMAX,58,OFFICE,,21,
2026-08-08,SAMSUNG GALAXY A32 5G,351554743155179,C,64GB,Dual Physical SIM,BLACK,IMAX,58,OFFICE,,21,
2026-08-08,SAMSUNG GALAXY A32 5G,353427864069669,C,64GB,Dual Physical SIM,BLACK,IMAX,58,OFFICE,,21,
2026-08-08,SAMSUNG GALAXY A32 5G,351554743009889,C,64GB,Dual Physical SIM,BLACK,IMAX,58,OFFICE,,21,
2026-08-08,SAMSUNG GALAXY A32 5G,353427863643449,C,64GB,Dual Physical SIM,BLACK,IMAX,58,OFFICE,,21,
2026-08-08,SAMSUNG GALAXY A32 5G,351554743140817,C,64GB,Dual Physical SIM,BLACK,IMAX,58,OFFICE,,21,
2026-08-08,SAMSUNG GALAXY A32 5G,353427863619472,C,64GB,Dual Physical SIM,BLACK,IMAX,58,OFFICE,,21,
2026-08-08,SAMSUNG GALAXY A32 5G,353427863642805,C,64GB,Dual Physical SIM,BLACK,IMAX,58,OFFICE,,21,
2026-08-08,SAMSUNG GALAXY A32 5G,353427867855064,B-,64GB,Dual Physical SIM,BLACK,IMAX,58,OFFICE,,21,
2026-08-08,SAMSUNG GALAXY A32 5G,353427866266768,A-,64GB,Dual Physical SIM,BLACK,IMAX,58,OFFICE,,21,
2026-08-08,SAMSUNG GALAXY A32 5G,351554743156011,A-,64GB,Dual Physical SIM,BLACK,IMAX,58,OFFICE,,21,
2026-08-07,SAMSUNG GALAXY S23FE,351628681074848,A,128GB,SIM + eSIM,ORANGE,NIHAL,170,OFFICE,,22,
2026-08-07,SAMSUNG GALAXY S24,350060486300361,A,128GB,SIM + eSIM,WHITE,ABC,275,OFFICE,,22,
2026-08-07,SAMSUNG GALAXY S24,350849448382396,A,128GB,SIM + eSIM,WHITE,ABC,275,OFFICE,,22,
2026-08-07,Galaxy A12 4G,352307137235696,A,32GB,Dual Physical SIM,BLACK,IMAX,48,OFFICE,,22,
2026-08-07,Galaxy A12 4G,352307136962829,A,32GB,Dual Physical SIM,BLACK,IMAX,48,OFFICE,,22,
2026-08-07,Galaxy A12 4G,352307137214519,A,32GB,Dual Physical SIM,BLUE,IMAX,48,OFFICE,,22,
2026-08-07,iPhone 12,353031112332232,A,128GB,SIM + eSIM,BLACK,ABC,160,OFFICE,,22,
2026-08-07,iPhone 12,353033118150568,A,128GB,SIM + eSIM,BLACK,ABC,160,OFFICE,,22,
2026-08-07,iPhone 12,355877335235927,A,128GB,SIM + eSIM,BLACK,MHL,160,OFFICE,,22,
2026-08-07,APPLE IPHONE 13PRO,359052373957321,A,128GB,SIM + eSIM,GREEN,ABC,260,OFFICE,,22,
2026-08-07,Galaxy A12 4G,352307137031087,A,32GB,Dual Physical SIM,BLUE,IMAX,48,OFFICE,,22,
2026-08-07,Galaxy A21S 4G,355451112120205,A,64GB,Dual Physical SIM,BLUE,MHL,56,OFFICE,,22,
2026-08-07,Galaxy A21S 4G,355451112006289,A,64GB,Dual Physical SIM,BLUE,MHL,56,OFFICE,,22,
2026-08-07,Galaxy A21S 4G,355451116418993,A,64GB,Dual Physical SIM,BLUE,MHL,56,OFFICE,,22,
2026-08-07,Galaxy A21S 4G,355451112175738,A,64GB,Dual Physical SIM,BLUE,MHL,56,OFFICE,,22,
2026-08-07,Galaxy A21S 4G,355451116419280,A,64GB,Dual Physical SIM,BLUE,MHL,56,OFFICE,,22,
2026-08-07,Galaxy A30S 4G,353291110867643,A,64GB,Dual Physical SIM,BLACK,IMAX,45,OFFICE,,22,
2026-08-07,Galaxy A30S 4G,353765110139590,A,64GB,Dual Physical SIM,WHITE,IMAX,45,OFFICE,,22,
2026-08-07,APPLE IPHONE SE 3,356409544774741,A,64GB,SIM + eSIM,BLACK,MHL,85,OFFICE,,22,
2026-08-07,APPLE IPHONE SE 3,358138282238175,A,64GB,SIM + eSIM,BLACK,NANAK,85,OFFICE,,22,
2026-08-07,iPhone 12,353052116257837,A,64GB,SIM + eSIM,BLUE,MHL,145,OFFICE,,22,
2026-08-07,iPhone 12,352834610444537,A,64GB,SIM + eSIM,GREEN,MHL,140,OFFICE,,22,
2026-08-07,iPhone 12,353037110634750,A,128GB,SIM + eSIM,BLACK,MHL,160,OFFICE,,22,
2026-08-07,Galaxy A36 5G,353745121230281,ONU,256GB,SIM + eSIM,LAVENDER,MHL,203,OFFICE,,22,
2026-08-07,Galaxy A36 5G,353745122468914,ONU,256GB,SIM + eSIM,BLACK,MHL,203,OFFICE,,22,
2026-08-07,Galaxy A06 4G,354880848108517,ONU,128GB,Dual Physical SIM,BLACK,NANAK,75,OFFICE,,22,
2026-08-07,Galaxy A07 4G,351929934153193,ONU,64GB,Dual Physical SIM,BLACK,MHL,85,OFFICE,,22,
2026-08-07,Galaxy A07 4G,354201387024090,A,64GB,Dual Physical SIM,BLACK,MHL,85,OFFICE,,22,
2026-08-07,Galaxy A14 4G,356608731063574,ONU,128GB,Dual Physical SIM,VIOLET,NANAK,72,OFFICE,,22,
2026-08-07,Galaxy A52S 5G,357456423410532,C,128GB,Dual Physical SIM,WHITE,BUNTY,75,OFFICE,,22,
2026-08-07,Galaxy A52 5G,352353591071938,B,128GB,Dual Physical SIM,BLACK,NANAK,75,OFFICE,,22,
2026-08-07,Galaxy A52 5G,355001800400250,B,128GB,Dual Physical SIM,BLACK,NANAK,75,OFFICE,,22,
2026-08-07,Galaxy A52 5G,350751177621137,B,128GB,Dual Physical SIM,BLACK,NANAK,75,OFFICE,,22,
2026-08-07,APPLE IWATCH SE3 CELLULAR,359763921189866,A,44MM,,STARLIGHT,NIHAL,155,OFFICE,,22,
2026-08-07,APPLE IWATCH SE3 CELLULAR,359763920543154,A,44MM,,STARLIGHT,NIHAL,155,OFFICE,,22,
2026-08-07,APPLE IWATCH SE3 CELLULAR,359763920454964,A,44MM,,STARLIGHT,NIHAL,155,OFFICE,,22,
2026-08-07,APPLE IWATCH SE3 CELLULAR,359763920377348,A,44MM,,STARLIGHT,NIHAL,155,OFFICE,,22,
2026-08-07,APPLE IWATCH SE3 CELLULAR,353660340743321,A,44MM,,STARLIGHT,NIHAL,155,OFFICE,,22,
2026-08-07,APPLE IWATCH SE3 CELLULAR,352673833749227,A,40MM,,BLACK,NIHAL,145,OFFICE,,22,
2026-08-07,APPLE IWATCH SE3 CELLULAR,355201222497203,A,40MM,,BLACK,NIHAL,145,OFFICE,,22,
2026-08-07,APPLE IWATCH SE3 CELLULAR,355201222017530,A,40MM,,BLACK,NIHAL,145,OFFICE,,22,
2026-08-07,APPLE IWATCH SE3 CELLULAR,352673833441858,A,40MM,,BLACK,NIHAL,145,OFFICE,,22,
2026-08-07,APPLE IWATCH SE3 CELLULAR,355041763066953,A,40MM,,BLACK,NIHAL,145,OFFICE,,22,
2026-08-07,APPLE IWATCH SE3 CELLULAR,352673833169541,A,40MM,,BLACK,NIHAL,145,OFFICE,,22,
2026-08-07,APPLE IWATCH SE3 CELLULAR,355041761533178,A,40MM,,BLACK,NIHAL,145,OFFICE,,22,
2026-08-07,SAMSUNG GALAXY TAB A9+ WIFI,R92Y706WZZM,A,64GB,NO SIM,SILVER,IMAX,140,OFFICE,,22,
2026-08-07,SAMSUNG GALAXY TAB A9+ WIFI,R5GL34394LY,A,64GB,NO SIM,GRAY,IMAX,140,OFFICE,,22,
2026-08-07,SAMSUNG GALAXY TAB A11 5G,357778646331025,A,64GB,SINGLE PHYSICAL SIM,GRAY,ABC,92,OFFICE,,22,
2026-08-07,SAMSUNG GALAXY TAB A11 5G,357778646320986,A,64GB,SINGLE PHYSICAL SIM,GRAY,ABC,92,OFFICE,,22,
2026-08-07,iPad 7th Gen WiFi,F9FDFPYHMF3N,A,32GB,NO SIM,SILVER,NANAK,75,OFFICE,,22,
2026-08-07,SAMSUNG X COVER 5 4G,352075826696771,A,64GB,Dual Physical SIM,BLACK,MOBILE KIT,34,OFFICE,,22,
2026-08-07,Galaxy A14 5G,352958245921252,A,64GB,SINGLE PHYSICAL SIM,BLACK,MHL,65,OFFICE,,22,
2026-08-07,Galaxy A14 5G,350545463948380,A,64GB,SINGLE PHYSICAL SIM,BLACK,MHL,65,OFFICE,,22,
2026-08-07,APPLE IPHONE 8,356095096194295,A,256GB,SINGLE PHYSICAL SIM,GOLD,MHL,70,OFFICE,,22,
2026-08-07,APPLE IPHONE 8,356730081800825,A,256GB,SINGLE PHYSICAL SIM,GOLD,MHL,70,OFFICE,,22,
2026-08-07,APPLE IPHONE 8,356728084747787,A,256GB,SINGLE PHYSICAL SIM,GOLD,MHL,70,OFFICE,,22,
2026-08-07,APPLE IPHONE 8,352997091575234,A,256GB,SINGLE PHYSICAL SIM,SILVER,MHL,70,OFFICE,,22,
2026-08-07,APPLE IPHONE 8,356094099861430,A,256GB,SINGLE PHYSICAL SIM,SILVER,MHL,70,OFFICE,,22,
2026-08-07,APPLE IPHONE 8,352994097828246,A,256GB,SINGLE PHYSICAL SIM,SILVER,MHL,70,OFFICE,,22,
2026-08-07,APPLE IPHONE 8,352995095996182,A,256GB,SINGLE PHYSICAL SIM,SILVER,MHL,70,OFFICE,,22,
2026-08-07,APPLE IPHONE 8,356097098445485,A,256GB,SINGLE PHYSICAL SIM,SILVER,MHL,70,OFFICE,,22,
2026-08-07,Galaxy A32 5G,350647481163834,A,64GB,Dual Physical SIM,BLACK,NIHAL,58,OFFICE,,22,
2026-08-07,Galaxy A32 5G,350647481975773,A,64GB,Dual Physical SIM,BLACK,NIHAL,58,OFFICE,,22,
2026-08-07,Galaxy A32 5G,350647481712168,A,64GB,Dual Physical SIM,BLACK,NIHAL,58,OFFICE,,22,
2026-08-07,Galaxy A32 5G,350647482065319,A,64GB,Dual Physical SIM,BLACK,NIHAL,58,OFFICE,,22,
2026-08-07,Galaxy A32 5G,350647481969941,A,64GB,Dual Physical SIM,BLACK,NIHAL,58,OFFICE,,22,
2026-08-07,Galaxy A32 5G,350647481212946,A,64GB,Dual Physical SIM,BLACK,NIHAL,58,OFFICE,,22,
2026-08-07,Galaxy A32 5G,350647482041773,A,64GB,Dual Physical SIM,BLACK,NIHAL,58,OFFICE,,22,
2026-08-07,Galaxy A32 5G,350647482053703,A,64GB,Dual Physical SIM,BLACK,NIHAL,58,OFFICE,,22,
2026-08-07,Galaxy A32 5G,350647481851941,A,64GB,Dual Physical SIM,BLACK,NIHAL,58,OFFICE,,22,
2026-08-07,Galaxy A32 5G,350647481902603,A,64GB,Dual Physical SIM,BLACK,NIHAL,58,OFFICE,,22,
2026-08-07,Galaxy A32 5G,352317951230459,A,64GB,Dual Physical SIM,BLACK,NIHAL,58,OFFICE,,22,
2026-08-07,Galaxy A32 5G,350647481681199,A,64GB,Dual Physical SIM,BLACK,NIHAL,58,OFFICE,,22,
2026-08-07,Galaxy A32 5G,352317951351719,A,64GB,Dual Physical SIM,BLACK,NIHAL,58,OFFICE,,22,
2026-08-07,Galaxy A32 5G,350647482004326,A,64GB,Dual Physical SIM,BLACK,NIHAL,58,OFFICE,,22,
2026-08-07,Galaxy A32 5G,350647481676769,A,64GB,Dual Physical SIM,BLACK,NIHAL,58,OFFICE,,22,
2026-08-07,Galaxy A32 5G,350647481984577,A,64GB,Dual Physical SIM,BLACK,NIHAL,58,OFFICE,,22,
2026-08-07,Galaxy A32 5G,352317951359548,A,64GB,Dual Physical SIM,BLACK,NIHAL,58,OFFICE,,22,
2026-08-07,Galaxy A32 5G,352317951240672,A,64GB,Dual Physical SIM,BLACK,NIHAL,58,OFFICE,,22,
2026-08-07,Galaxy A32 5G,350647481999732,A,64GB,Dual Physical SIM,BLACK,NIHAL,58,OFFICE,,22,
2026-08-07,Galaxy A32 5G,350647481996423,A,64GB,Dual Physical SIM,BLACK,NIHAL,58,OFFICE,,22,
2026-08-07,Galaxy A32 5G,352317951354895,A,64GB,Dual Physical SIM,BLACK,NIHAL,58,OFFICE,,22,
2026-08-07,Galaxy A32 5G,350647482005745,A,64GB,Dual Physical SIM,BLACK,NIHAL,58,OFFICE,,22,
2026-08-07,Galaxy A32 5G,352317951371170,A,64GB,Dual Physical SIM,BLACK,NIHAL,58,OFFICE,,22,
2026-08-07,Galaxy A32 5G,350647481842460,A,64GB,Dual Physical SIM,BLACK,NIHAL,58,OFFICE,,22,
2026-08-07,Galaxy A32 5G,352317951209834,A,64GB,Dual Physical SIM,BLACK,NIHAL,58,OFFICE,,22,
2026-08-07,Galaxy A32 5G,350647481972168,A,64GB,Dual Physical SIM,BLACK,NIHAL,58,OFFICE,,22,
2026-08-07,Galaxy A32 5G,350647481842551,A,64GB,Dual Physical SIM,BLACK,NIHAL,58,OFFICE,,22,
2026-08-07,Galaxy A32 5G,350647481629255,A,64GB,Dual Physical SIM,BLACK,NIHAL,58,OFFICE,,22,
2026-08-07,Galaxy A32 5G,350647481897001,A,64GB,Dual Physical SIM,BLACK,NIHAL,58,OFFICE,,22,
2026-08-07,Galaxy A32 5G,352317951509407,A,64GB,Dual Physical SIM,BLACK,NIHAL,58,OFFICE,,22,
2026-08-07,Galaxy A32 5G,350647481995599,A,64GB,Dual Physical SIM,BLACK,NIHAL,58,OFFICE,,22,
2026-08-07,Galaxy A32 5G,350647481649782,A,64GB,Dual Physical SIM,BLACK,NIHAL,58,OFFICE,,22,
2026-08-07,Galaxy A32 5G,350647481996068,A,64GB,Dual Physical SIM,BLACK,NIHAL,58,OFFICE,,22,
2026-08-07,Galaxy A32 5G,350647481163842,A,64GB,Dual Physical SIM,BLACK,NIHAL,58,OFFICE,,22,
2026-08-07,Galaxy A32 5G,350647482069303,A,64GB,Dual Physical SIM,BLACK,NIHAL,58,OFFICE,,22,
2026-08-07,Galaxy A32 5G,352317951254418,A,64GB,Dual Physical SIM,BLACK,NIHAL,58,OFFICE,,22,
2026-08-07,Galaxy A32 5G,350647481821431,A,64GB,Dual Physical SIM,BLACK,NIHAL,58,OFFICE,,22,
2026-08-07,Galaxy A32 5G,350647481209777,A,64GB,Dual Physical SIM,BLACK,NIHAL,58,OFFICE,,22,
2026-08-07,Galaxy A32 5G,350647481683385,A,64GB,Dual Physical SIM,BLACK,NIHAL,58,OFFICE,,22,
2026-08-07,Galaxy A32 5G,350647481684409,A,64GB,Dual Physical SIM,BLACK,NIHAL,58,OFFICE,,22,
2026-08-07,Galaxy A32 5G,352317951357013,A,64GB,Dual Physical SIM,BLACK,NIHAL,58,OFFICE,,22,
2026-08-07,Galaxy A32 5G,350647481174500,A,64GB,Dual Physical SIM,BLACK,NIHAL,58,OFFICE,,22,
2026-08-07,Galaxy A32 5G,350647481967358,A,64GB,Dual Physical SIM,BLACK,NIHAL,58,OFFICE,,22,
2026-08-07,Galaxy A32 5G,350647481966541,A,64GB,Dual Physical SIM,BLACK,NIHAL,58,OFFICE,,22,
2026-08-07,Galaxy A32 5G,350647481966681,A,64GB,Dual Physical SIM,BLACK,NIHAL,58,OFFICE,,22,
2026-08-07,Galaxy A32 5G,350647481182859,A,64GB,Dual Physical SIM,BLACK,NIHAL,58,OFFICE,,22,
2026-08-07,Galaxy A32 5G,350647481883225,A,64GB,Dual Physical SIM,BLACK,NIHAL,58,OFFICE,,22,
2026-08-07,Galaxy A32 5G,355808982509157,A,64GB,Dual Physical SIM,BLACK,NIHAL,58,OFFICE,,22,
2026-08-07,Galaxy A32 5G,352317951351487,A,64GB,Dual Physical SIM,BLACK,NIHAL,58,OFFICE,,22,
2026-08-07,Galaxy A32 5G,350647481688772,A,64GB,Dual Physical SIM,BLACK,NIHAL,58,OFFICE,,22,
2026-08-07,Galaxy A32 5G,353427863517635,A,64GB,Dual Physical SIM,BLACK,IMAX,60,OFFICE,,22,
2026-08-07,Galaxy A32 5G,351554746924464,A,64GB,Dual Physical SIM,BLACK,IMAX,60,OFFICE,,22,
2026-08-07,Galaxy A32 5G,353427860458700,A,64GB,Dual Physical SIM,BLACK,IMAX,60,OFFICE,,22,2026-08-22
2026-08-07,Galaxy A32 5G,355808983377364,B,64GB,Dual Physical SIM,BLACK,IMAX,55,OFFICE,,22,
2026-08-07,Galaxy A32 5G,351554740246203,B,64GB,Dual Physical SIM,BLACK,IMAX,55,OFFICE,,22,
2026-08-07,Galaxy A32 5G,351554742529994,A,64GB,Dual Physical SIM,BLACK,IMAX,60,OFFICE,,22,
2026-08-07,Galaxy A32 5G,351554747089465,A,64GB,Dual Physical SIM,BLACK,IMAX,60,OFFICE,,22,
2026-08-07,Galaxy A32 5G,351554746526301,A,64GB,Dual Physical SIM,BLACK,IMAX,60,OFFICE,,22,
2026-08-07,Galaxy A32 5G,353427868090877,A,64GB,Dual Physical SIM,BLACK,IMAX,60,OFFICE,,22,
2026-08-07,Galaxy A32 5G,353427865999476,A,64GB,Dual Physical SIM,BLACK,IMAX,60,OFFICE,,22,
2026-08-28,GALAXY TAB A11,,ONU,64GB,Not Applicable,Black,MHL,88,SHS,SHS — Awaiting delivery,1,
2026-08-24,Galaxy S20 Plus,,A,128GB,Physical SIM + eSIM,Black,MHL,120,SHS,SHS — Awaiting delivery,5,
2026-08-18,Galaxy A36,,ONU,256GB,Physical SIM + eSIM,White,IMAX,210,SHS,SHS — Awaiting delivery,11,
2026-08-18,Galaxy A36,,ONU,256GB,Physical SIM + eSIM,Black,IMAX,210,SHS,SHS — Awaiting delivery,11,
2026-08-18,GALAXY S23 Fe,,A,128GB,Physical SIM + eSIM,Grey,NIHAL,170,SHS,SHS — Awaiting delivery,11,
2026-08-14,GALAXY S20 FE,,A,128GB,Physical SIM + eSIM,Blue,NIHAL,105,SHS,SHS — Awaiting delivery,15,
2026-08-13,GALAXY S22,,A,128GB,Physical SIM + eSIM,Black,NIHAL,145,SHS,SHS — Awaiting delivery,16,
2026-08-12,GALAXY A35,,A,128GB,Physical SIM + eSIM,Black,MHL,125,SHS,SHS - Many Units,17,
2026-08-11,IPAD 11TG GEN,,A,128GB,Not Applicable,Blue,MHL,300,SHS,SHS - Many Units,18,
